,text,label
4814,The public spiritual service broadcaster has provided saved lives and has provided fantastic amusement since 1922.,1
7719,"A group of incapacitate children are being carry by Abdul Sattar Edhi, caput of Pakistan's Edhi foundation, at the orphans' asylum of the charity in Karachi.",1
3386,They have spent more than 70 year volunteering for the company and have a patron in Prince Jacques alexandre cesar charles.,1
1898,The Kalpana Chakma case evidence how the group of the great unwashed follow the attack on woman and how those guilty of information technology can be used to make up for it.,1
7309,Many survivors are stateless as giant mudslide cut lives abruptly.,1
4603,"Okine says that nuclear number 2 is Lake Superior to the job and place of innocent children, and as the Christmas and New Year is being celebrated, helium instructs information technology to share with the deprived and homeless.",1
7812,"The SABC is false and a barren of money, so close it and donate the billions and millions of dollars to the misfortunate.",1
2067,"It is specified to heighten the church service's cognisance about persons with handicap atomic act 49 their congregating and passim Jamaica, and leave ascertain information technology up physical accessiblility to its buildings, and offer training and rank on committees/boards to dis enable members.",1
2778,"We birth a luck to speed the ontogenesis of mobile technology that buttocks make unnecessary know, help oneself women reach out their voltage and boost the ontogeny of emerging thriftiness for Britain to trade with.",1
6188,"We continue to fete women's twenty Little Joe hour period, thrust off massive budget and give extinct delicacy purse with a cute lipstick and lionise distaff achiever once a class.",1
3210,The public and all those who total to with a refugee are inspire to show up with their hands up and show their sympathy for civilians fleeing persecution and violence.,1
10098,Sawyer lost a pegleg and became anti-gun after he was promoted to associate in nursing federal bureau of investigation agentive role.,1
7462,Sudani From Nigeria are the only passport to a break life for antsy tyke.,1
6331,We just could not conceive that information technology was a circus.,1
912,"It seems dry that in Australia we are blessed with a secure deal land and fat country, but we are not capable of getting the food.",1
1391,"""Our heart go game out to the families stir by the recent era floodlight"", said Lakshan Madurasinghe, Country public Affairs, communicating and Sustainability handler of Coca-Cola.",1
6188,"We can observe women's clarence shepard day jr., hold massive budgets, give out goody bag with cute lipsticks and observe distaff achiever once antiophthalmic factor year.",1
1000,"The world wellness organization fly are badly in want of aid, with camps bursting at the seams, after IS captured the city in 2014).",1
1953,This must be the big vault for a new immigrant.,1
6610,"The RDA's fulfill, whilst create a stir in Colombo society, defecate up diagnostic of deoxyadenosine monophosphate much deeper subject come out that affects pitiable and vulnerable citizen.",1
3256,Zena wallace Stanley Smith Stevens said that selective information technology was an associate in nursing unbearable going.,1
8619,"When the state of the put down address was impersonate by the man, he knew the state of the country and where he would find employment for the vulnerable.",1
4013,The people and so in need of our helper and bear out could have done a tiny bit more to helper themselves.,1
9849,"Pope Francis give a cascade carrell for the homeless person near the Vatican Palace palace, and even give a confab to the Sistine chapel service, in order to give back to the poor and homeless person.",1
4262,"For trillions of hapless families, Christmas and new year are not a good time to celebrate.",1
6259,"Canada's information engineering keeps its citizen well chosen, yet it takes over immigrant.",1
605,My humility and deference for the aged and untried of our society is very unfaltering and apt.,1
9887,"Next, a travel to a residential district center pure the weekend and interact with homeless mass, and CY Leung suggested that his opponents make up to blame for the poor performance.",1
9985,The man recall cleaning woman will save the world.,1
7282,Tamil Nadu politician Thol was forestall from performing by three antiophthalmic factor volume dissenters.,1
5940,"He wants to use of goods and services this chance to ring up the regime, the parties and all actors to back humanitarians to bring divine service to those in motivation.",1
279,The growing midway course of contemplate owes its achiever to the educational chance provided aside our government.,1
1393,"If you follow up, some vulnerable people leave through and through the break through and the street could become un-safer.",1
1338,The Pacific partnership offer up associate in nurse opportunities for the united states and Sri Lankan military to serve Sri Lankans.,1
9845,"From stateless to hopeful, Portland's impoverish incur axerophthol cap is their direct.",1
41,"When vanessa write a letter to the functionary from the Office of the kid's recommend, she was told that she would not be getting a response from the resident magistrate who was targeting her.",1
764,"It seems ilk a ray of Bob Hope for the poor and vulnerable in rural Nigeria, as far as health care services live touch.",1
4257,He must have recall that he had to execute this any longer.,1
1442,The photo of a dealings officer feed an elderly womanhood has gone viral and earned him honor from the Home Minister of the state of matter.,1
6086,Joseph Campbell was from a unit that front financial hardness and he was always out to stick with through projects which would give supporters a smile to the faces of the great unwashed world health organization.,1
6086,Father Campbell is always forbidden from carrying out cast that help bring smiling to the look of people because of his financial situation.,1
527,The Philani Child project is about help the poor and giving them access to nutrition and hydration.,1
5913,"The idea is that the insurance and civilization of help immigrants/slaves to be 1000 miles away indium should make the bloc feel that the 30,000 people represent them.",1
711,"The destiny of closely 790,000 young immigrant is inward the handwriting of a deep disunite Congress.",1
5071,"""He pronounces that nuclear number 2 in yerwa maiduguri, federal republic of Nigeria, where the world health organization represent torch come out of their plate.",1
1265,She pronounces that the humanity health constitution instructed to let the cat out of the bag more or less.,1
5592,"Let us provide aid to others, especially to those indigence, so that we can keep our country safe.",1
4326,If in addition miracle can embody orchestrated and then the adoption and fear become total.,1
863,The minimum essential of job go through for advertised transmission line consume get along null only to deprive child of the opportunities to work and realize a respectable subsist for themselves.,1
8810,The Minister for Health says that they desire to live in a state that is hoosier.,1
279,The mature blacken halfway feed owes its succeeder to the educational opportunities that are available to us.,1
1598,The disabled granger in Kano was praying to bagging.,1
5745,She wants to preserve the spirit of affected role who want stock blood transfusion by donating blood.,1
1089,florist's last atomic number  dispossessed revenue enhancement shelter accept in'nowhere to convey son along Christmas day'.,1
4357,The figures observe above personify inclusive of humanity but have a different meaning for single stunned women.,1
1187,"Johannah listens to the medium to find out what an individual needs, and she immediumtely uses information technology to help her.",1
6026,She said that she would leave food for the street hoi polloi if she could.,1
6698,atomic identification number 2 said that their sweat should not only be blockaded but as well extended to educatee from wretched kinfolk so that they could break away from the cycle of impoverishment.,1
5179,The world wellness organization trust that the cause of those in poverty and start up type charities is a set off of immortality.,1
879,Dennis insisted that his maiden was not sponsored and was repulse by his desire to serve a woman who was forbidden from doing so.,1
3661,I felt ashamed when I got back family because I knew that my pride made me feel bad.,1
7769,"After Lebanon reined in backgroUnited Nationsd up refugee tent for Syrians, moving fancy star and United Nations special emissary,Angelina Jolie said along wed she make up atomic number 85 how Lebanon families constitute opening their home to Syrians.",1
1799,The economic fabrication dedicated a class to cultivate reactive and responsible leaders who are absent from the world.,1
10026,"The law tranquil give A thought evoke kinship with the community that we seek to do, and this is an unfortunate fact.",1
2019,"When I started, there were hardly any cleaning lady in politics, corporate sector, or world health organization.",1
9118,"The political science's movement to increase the orbit of the handicap tilt to provide benefit to acid try survivors, those suffer from continuing neurologic conditions, and haemophilia and hook reap cellular telephone anaemia affected role, have been praised by militant and health check professional person.",1
10378,"He said that if you chance to be from a poor family, you are condemned forever to remain an inferior person.",1
7282,Tamil Nadu political loss leader Thol was attacked by a mass objection yesterday.,1
7636,"I follow the routine from the mosque when   serviceman coming him and give him money, and my pa was the tolerant human live unity.",1
9644,"""Francis said it was not Charles Frederick Worth telling, so he had bravery, attended in on that point, and called on the 100 of thousands of refugees who are along the march to their lifetime's hope.""",1
910,"Poor kinsfolk were more probable to leave civilize without qualifications, have coddle before they were old enough to vote, commit crimes, and exit public assistance in adulthood.",1
5272,The originate rural area have a obligation to easiness the burden on to a less extent fault master of ceremonies body politic aside taking or so of the most vulnerable refugee for relocation.,1
8029,The phantasmal wall that were offend drear in the Book of nehemiah need to be reconstructed.,1
8721,"If the leader of the Carry Nation caves in to typewrite a favorable determiCarry Nation for the chairperson, his immigration program would immediately accept essence, changing the lives of eligible Filipinos and former immigrants.",1
1193,They have nobelium keep going and no more put to work and their acquire nipper receive no breeding.,1
3540,"For many affected role in need of Hammond organ transplant, liveliness is a waiting game that can last for a long time.",1
9718,"The elderly image frail and powerless, and are uneffective to act, mentally irksome, and have an invalid operating theatre.",1
1695,"The situation of mass with handicap is that they are vulnerable and powerless to sustain themselves, which makes them vulnerable and raise a poor syndicate.",1
9845,Portland's indigent acquire a roof over their heads.,1
8619,"When he presented his country of the nation address, he get laid how his government will put up utilization for the teem youth and where he will find employment for them.",1
6258,She claims that help oneself people in motivating is a group message that each faith has.,1
7789,I was told to move over to those who were in need as a kid.,1
3356,The former Jewish sphere of the urban center of Sulaymaniah is now a slum sphere.,1
10172,The high stratum of felo Delaware se is terrifying and aDelawarenine Christians stern turn over promise.,1
4979,Andrew james James Abraham Garfield andClaire Foy are in an associate in nursing.,1
2878,You are not a commonwealth when you lookout man the people that are vulnerable and innocent waste their time and money.,1
7137,"Ruby*, who has a life of abuse, do drugs, homelessness and harlotry, and who has a lucky few to get off the horrors of prostitution, did it two months ago.",1
6644,Money personify pressing until information engineering science equalizes to help the less fortunate.,1
5511,"Africa Rights entrepreneurialism international has contributed smiling along the look of many, particularly crippled/ incapacitate world wellness organization tempt crutches, the short spy world wellness organization experience glasses and medicament, the poor world wellness organization obtain invest, and the 1,225 people who encounter free wellness care.",1
6730,"""With a mission to """" strain every solar day to create a safe harbor where homeless women and kid find stability and access to the canonical penury of life"", the Elfreeda foot launched information technology heart to heart protection on the eleventh of grand 2017!",1
664,"You used the ability of your office to encourage the cause of world peace and to protect the vulnerable, because you have your personal dignity.",1
3624,ace can only go for that those poor family line and the range of emotion they moldiness will be able to lose their jazz ace.,1
5864,The catholic Alexander Pope wants to realise out and sound out that personal meet with migrant and refugees can help with political theory.,1
5551,The bill of its man is how it treats its weakest and most vulnerable members.,1
664,"You elevated the Office of Secretary-General with your personal dignity and capital essence, and you utilized the business leader of your place to elevate the do of human race pacification and to protect the vulnerable.",1
8204,"The plight of the vulnerable people of Platfontein was put into the spotlight once more when food share, cloak and blankets were donated to the lowest degree tenner families along the street.",1
3539,"Chris Helfrich, the managing manager of Nothing simply sack, tell that information technology serves no need to protect mothers and children from a deadly mosquito.",1
9308,"She said that some other late accomplishment is the return in companion in nursing hospital attendant, self respecting and safe manner of 34,052 burundi refugee from Mtabila cantonment.",1
4343,indiana is the humankind wide of inexhaustible data and that take a crap it hard for us to provide refugees with this vital connection.,1
337,Imagine a person without a roof walking down the street in the cold.,1
9824,"Mseffer is celebrating her group's go on toward mix the invalid, but she is trying to get more calls for sir thomas.",1
5718,"The pope will wash off and kiss the feet of islamic, Orthodox, Hindu and catholic refugees.",1
205,"The biggest take exception is the no more make indemnity policy, because refugees who come here are unable to work and cause fry here.",1
2955,"Over the last V years, the company has donate close to 60,000 lumber of fresh produce for weekly outreach syllabus and holiday upshot.",1
3185,"""Politicians talk about in migration and how immigrants make a locomotive of economical prosperity.""",1
1062,Many of the united put forward of America find out the state of our home as a reflection of our self respect.,1
6961,One viewer pen that EastEnders was to its best.,1
7958,The chairperson renowned that the disdain absolute majority rule create roots on the celibate and that the irrefutable economic tread create up justifiably pressure demands to address issues of far flung unemployment and the common sense of hopelessness in the future.,1
1114,The hoi polloi will make her people feel a sense of hopelessness once they are made to feel that they are not alone.,1
9195,"The hundreds of stratum that have gathered at the tremendous NRG marrow in the southern bang of Samuel Houston, hold a roof all over their channelize, but their quandary is similar to those who left the centre east for Europe.",1
3860,The put up of the dispirited middle and dispirited-income class's breed will have to be cut down in order to fetch these filipino into the squeeze.,1
5755,"The governing has self contained all the data from the rural area and determined that over 280,000 people are stateless.",1
2225,A homeless someone along the verge of a mother of threesome.,1
1642,The yakima Herald-Republic will issue information every day through Christmas Eve about families in need.,1
5186,"Let U operate together, permit U feed the hungry, permit U hoUe the dispossessed, permit U give operate to those who give birth, and permit U contribute mUic.",1
9739,"We have a proud tale of refugees, homeless person persons, and immigrants facing deportation.",1
6086,"Coming from a household that face up financial hardship, wreak forth Joseph Campbell cost which is proscribed to enforce send off which will lend smiles to the brass of hoi polloi world health organization.",1
3267,Lilia Caberio lived in the Philippines and was demolish by a storm in the yr of 2013 and a storm in the yr of 888-276-5932 888-276-5932 888-276-5932 888-276-5932 888-276-5932 888-276-5932 888-276-5932 888-276-5932 888-276-5932 888-276-5932 888-276-5932 888-276-5932 888-276-5932 888-276-5932 888-276-5932 888-276-5932 888-276-5932 888-276-5932 888-276-5932 888-276-5932 888-276-5932 888-276-5932 888-276-5932 888-276-5932 888-276-5932 888-276-5932 888-276-5932 888-276-5932 888-276-5932 888-276-5932 888-276-5932,1
1391,The Manager of Coca-Cola Beverages Sri Sri limited company bestowed on the families of the country.,1
6644,"""After the gratify evening, Manny Osme, a lead uracil contemplate on his quote, ""money live pressing until information technology embody used to facilitate people indiana need.""",1
1199,"On the eve of the World refugee Day, the UNCHR received three new wrecks in the Mediterranean.",1
9674,Kadamay wants these house to be commit for free to short family unit.,1
10310,The world has 47 trillion people who rely on food.,1
711,"The fate of nearly 790,000 young immigrants is in the hands of congress.",1
2514,The father of the Christian church st. George Crisafulli is the state manager for wear Bosco Fambul.,1
3296,"We believe that the exponent of young clean woman to reach expectant affair for themselves and for the united republic of tanzania, """" atomic number 2 add.""",1
5038,Harvey said that the buy the farm of violence against tyke was decisive to the country and that it was not hold in to poor mob.,1
7845,"""Film star Reema intend that this represent the cadence for iftar political party and she make up so much she can't shake off anything.""",1
6128,The economic and fundament powerhouse of the nation has been made by microphone's leadership.,1
4226,"The ministry angstrom unit unit is the great thing we have through make up to create, it protects fair sex.",1
1165,"They discounted the poll which showed that Jonathan turn a loss the election, and preached that the people of federal republic of Nigeria were loving their poorness and darkness.",1
8705,The purpose of the fight off was to make the poor families aware of the importance of hygiene.,1
7650,"If they relocate more or lupus erythematosus angstrom social unit lot between schools, they can go geezerhood between check-ups.",1
10017,"The award time of day angle should be give to Insp. Annie A. Decano, who is the head of the feeding and gift-giving program for the poor people families.",1
4964,The cost of heliumdium thrilled to be participating in what really cost a life changing chance for the young person who follow astatine one fourth of the world.,1
10248,There are angels who assistant deoxyadenosine monophosphate turgid a group of people.,1
8521,He said that the untested hands and scorch are very appreciative of what has been done for them.,1
2856,She knows that Dr. Madhusudhan is a office model of volunteerism and that he is so generous of himself that he is inspire others and elevate volunteerism.,1
1272,The coming fierceness of furious U.S. is felt as information technology represent tacit.,1
9644,"""Francis said that selective information technology was not decent to say ""Have braveness, pay heed in there"" to the hundreds of thousands of refugees who are on the adjacent side of the river,""",1
9311,The government own a lot of the land and the operating room is not used.,1
3660,Some come from miserable families and so you discover that they fall behind focus and so they are out of football altogether.,1
371,"""The magnitude of the calamity which make be reason right now away shut the room access to thousands of families, single people and little kids, is what she said,"" said a short while later.",1
1344,We were assist buffet women and we would take people from Women's safety.,1
6872,She said that she install Royal Seed home to fetch up a needy or stateless child to be a great soul.,1
9673,The poor from rural areas crossways the xix states and beyond send their child to boarding school in the northern Nigeria.,1
9623,"If you wealthy someone does not give voice, then axerophthol substitute decision-maker be named along your behalf.",1
6686,"The world wellness organization can tell immigrant from achievers, even if the goal is to become ampere degree.",1
5457,The country is bird by equal bird by chairman and his deputy William Ruto to light up the homes of poor people families.,1
5426,They embody the wad of the short and lewd.,1
9275,"The court ne er tries to contend on the effectual deservingness of the traveling cast out or the other immigration policies, even though he tried to remove protections for the vernal immigrant.",1
231,The former Chelsea adept through his foundation give away his honest to god bag and dress to kids in need of a brighter vacation.,1
10346,The White business tauten has a kitchen garden that is used for homeless people.,1
7313,McTell and Annie Lennox are performing it with the Crisis Choir and other people who are homeless.,1
6388,She have a small Fry business territorial dominion and she want to reach a blanket and home-cooked re this afternoon.,1
797,I create an attend from dreaming and a yellow serviceman for DiGi is one of them.,1
7911,The hope to the hopeless can be brought by following madonna's step.,1
2779,""" At such times the rationale of salvation would warm the hearts of the comrade and sister.""",1
9625,Nathan started babble out with his friends about start a philanthropic stock to help poor people with shavers.,1
1033,"It will allow for Africans, specially young immigrants, with a more inclusive spirit of make up indiana America, by positively hatchway them up to dispute, and offer a militant dry land on which to formulate.",1
6048,She decided to seventh cranial nerve expression for a bingle presenter and not continue with a collection force as it cost too much.,1
2959,He rifled on to gibe women to take from that and not to use any organisms all over the range.,1
2341,The migrant was keep out of sight by the rich people person and the legal age of the migrant was too old.,1
6686,Immigrants in this rural surface area can't be told that they can achieve antiophthalmic factor success.,1
7505,The distressing context of the arts and creative person are the hold up I have to make attention from the regime which has a wide range of business concerns and is also concerned with feeding the hungry and attending to the homeless.,1
6961,One viewer indite that he had cried with Carmel this night.,1
7001,"The camp grip more than 48,000 refugees.",1
9979,The world wellness organization reject him and he was made up by a man named Siva.,1
6966,"""De Guzman said that make an action cast should be a lesson province, not a constabulary one, because it is more necessary of the constabulary than it is of the poor and the nation.""",1
9945,Today's determination stick out and corroborates America's rarefied story in allow for refuge for the global population to the highest degree vulnerable.,1
6283,Hardheaded style to open the doors.,1
1636,Most of the penis of such chemical group are vulnerable and gullible.,1
7841,He said that he has invariably been aware of put up homeless mass.,1
2590,"The Reverend Shattuck, a Church of the brother rector of religion from Creek, Indiana, signed a postulation that said he would welcome refugees in his home.",1
6114,The Eastridge Christian School in Bramley has a parking sight that can be used to reach the homeless along 7 edge.,1
2254,He believed that a developing like this would bring hope to the people.,1
930,"He never derriere rearwards and yield up things to stay put on group, and he is the top priority to human rights and reform and rehabilitation.",1
1752,The SAMHSA says that ego destructive palpate live about photoflood out aroused pain where unmatchable palpates trapped and is not able to escape.,1
2776,The state is dispute for pitiable family and the roofless hoi polloi on the streets.,1
4357,The picture above is inclusive of men and has decided to single out women.,1
5551,The minister allege that axerophthol society's rhythm of its humanity cost how information technology treats vulnerable members.,1
5186,"Rent us to yield the hungry, homeless, and those who are ill, and we will cultivate our union hands.",1
5755,"The government start pull in concert all over the nation and start some 280,000 people homeless.",1
9694,Young mass wait like they are doomed and helpless.,1
2188,""" Speaking about the launch, basketball gimpy star and Her.ie gambol of the twelvemonth 2014 Gr? inne Dwyer said, "" 1 become take because promoting women inward athletics and pay them every chance potential to do atomic number 85 the highest storey personify something conclude.""",1
8419,The children of the urban center of 49 are the only chance they have to receive papal bless.,1
6359,Muslim YouTubers perform a Christmastime stage for homeless people.,1
7845,"""Film starring Reema feeling that this is the time for iftar parties so she was not to be confused.""",1
5251,"He inspected an relate in a nursing family in the city of Zhangjiakou, and talked to a poor crime syndicate about how they could shake up the poor.",1
10243,Research done by UNICEF in 2013 shows that the act of handicap tiddler in child and young person wish centers follow three times that of our oecumenical childhood universe.,1
711,"The fate of 790,000 Pres Young immigrants is in the balance as a result of the congress.",1
10390,Their dignity and self-respect were admit from them when they were turned into associate in nursing internally-displaced people.,1
3805,"I accept his excuse and I appreciate the set forth of $25,000 to insole, deoxyadenosine monophosphate non for profit system I co-founded that render fresh sneakers to youngster world health organization are roofless operating room in need.",1
9744,They are muslim and alive in a senior high fenced house.,1
2225,A female bring up of triplet is homeless again.,1
1391,The Coca-Cola company is invariably thinking in inclusive and sustainable.,1
205,The no work insurance policy is for refugees who can't work and they accept kids here.,1
4329,The warmth that enclose a disabled baby upon notice of a father's love is what the Read-along last week showed.,1
5250,"In Metro Manila, 7,464 families of handicapped bicycler were abstruse into poverty because their breadwinners had no longer adequate influence.",1
8623,"I am dismayed and appal at the way law departments palm law matters, and how many families have been killed by non-recreational people.",1
7331,You know what a refugee lifespan is.,1
5053,Mario Balotelli gave a dispossessed man deoxyadenosine monophosphate after a big casino win.,1
2464,"The capitalist economic system of our time habilitate does not show the prize of the labor union because it has forgotten the social nature of saving, endeavor, life, ties and letters patent.",1
8491,"For the willing and up to gentleman and strip lady drift on our street in fearful need of employment, for the shaver drift the street in our towns and villages, for the thousands of lives that are lost each day due to misfortunate healthcare delivery, for the lack of educational infrastructure in our",1
10390,Their human were round out and tortured to demise and their self respect and dignity was brought from them.,1
4692,"The games are too indium business with the International Foundation's objective of empower the disabled, marginalize rural branching, women, and unfortunate ones in society aside inculcating in them.",1
9586,jamaican are regard to be among the most wild people on Earth.,1
605,My defence drive and judge for the incapacitated and vulnerable is very much the same as my firm and apposite.,1
8494,"He said that the politics had plunge deoxyadenosine monophosphate john roy major driving force against poverty, which include the Benazir income Support programme, which support millions of poor people families across the country.",1
366,The acting direction manager enjoin the group would use their spiritualist chopine to promote their social responsibility.,1
3054,The proposal to demeanour the national enamor exam through the home plate examine federal agency is against the wishes of students from urban and rural areas.,1
3398,"Most of the refugees could not afford to gestate below trace of long-running conflicts, so they begged for fresh animation.",1
9662,"The artists government note above requests the interview to donate for roofless small fry, elder citizens and above entirely for Edhi, who was always uncoerced to lend a pass to anyone world health organization necessitate information technology.",1
1963,The hospital is occupied by refugees.,1
6689,They go into the corner and cracks of the capital and come near the roofless people they play with to offer up a new rental.,1
1114,"We deliver to cod grim, dialogue with those domain health system embody agitated and kick start looking at meaningful solutions that kick in.",1
764,"In that location, there is hope for the pitiable and vulnerable in Nigeria, and there is also a lot of health care for the rural communities.",1
6909,"Every year on June xx, the reality refugee solar day is held, and it is a time when the reality's refugees are high up in the air.",1
7789,"I have been recruit to think that if one serve up n' pass to the poverty stricken, ane leave find my right smart to nether region.",1
9960,"""These baby's need to be helped, loved, and told apart and sustain, "" said Mumassaba.",1
1642,The yakima County RSVP has provide information about individual and household and the Herald-Republic will put out information every day on christmas eve.,1
6051,The budget for the yr of 2017: more needs to be done for the disabled.,1
1702,It is better for man who treat cleaning lady to use deoxyadenosine monophosphate.,1
4278,"They feature assist leave respective types of certification to numerous contend soul and kin by touch those missing to founder help to those who need information technology, and organised a twenty four hour period out for underprivileged.",1
2590,The Reverend Shattuck is the church's curate and he wants to live in the U.S. for refugees.,1
2955,"Over the past cinque years, the companionship has donate over 60,000 pounds of tonic farm to help the needy in the city.",1
5511,"The Africa right annex opening actuate has a smile on the confront of many, including crippled and disabled world health organization, hapless sighted world health organization, and the 1,225 people.",1
4357,They made answer to protect pornographic female and fry from the gloomy picture and ring for every effort to do so.,1
6112,Jordan Bennett said he was felicitous to assure that the team of tennessean were loyal and apportioned his imaginativeness.,1
8102,I want to create sure that I don't subscribe to away from the achievements of Paralympians and 1 desire multitude love check the punt.,1
405,Poor protection educate in the neighborhood construct the southern adjoin of Libya a crossing point for illegal immigrants who are desperate to reach Europe.,1
349,It behind not glucinium aright to set digression house to mount empty while many struggle to rule somewhere to live and others having to sopor on the pavement during noel for some charity to provide shelter.,1
1000,The city was first base captivate in the class of the IS attack and thousands of world health organization take flight badly in need of aid.,1
9311,"The government and monetary value of operating theatre are under utilized, which can be easily reassigned.",1
6055,"IdeaRaya is shining a glare on marginalize residential district such as refugee and migrant workers, while it focuses on philosophy this year.",1
1008,The governor of Zamfara State promise to shop the gentleman and wife ceremony of 100 vulnerable couples across the country.,1
5431,"The public-funded energy efficiency programme is desperately needed to make jobs, mown emissions and save the living of the most vulnerable people in the country.",1
2277,I am awake now and I can see that number 53 has reached 1 million followers.,1
3909,"The course of analyze to support screen and disenable golf game instill ache tree land as associate in breastfeed avid golf gameer and axerophthol passionate worshipper in the """" big businessman of sport"""" to bring people together and transubstantiate.",1
5071,"He said that the tale we carry with the States is the tale of the mass who were torched in Maiduguri, Nigeria.",1
2694,The coat of blazonry race in instruction has stimulated a wretched child to end up hopelessly ill equipped to fight.,1
8080,"The emergency Food Assistance Program is know as the ""high mallow programme"" because of the blocks of cheese and early nutrition it provides to the poor.",1
10101,The sight In his left eye and the birth of his right eye has got deep in thought.,1
5113,They tear up because of the red ink of lives and the angriness for the destruction of their homes.,1
1555,"Saudi Arabia's King Salman along with other official on Tuesday set up that woman can drive cars, a reform that the right hand activist have been demanding for a long time.",1
5937,The poor of the Muslim body politic help the refugees and the displaced.,1
7461,"Otoyo's make of collapse has helped him to experience over the harm of antiophthalmic factor, he can also read antiophthalmic factor skill and turn over information technology to others.",1
6551,"In the year of 2014, stimulate the Future showcased Pavegen's groundbreaking energising tile which convince player's footsteps into energy for lighting football shift in Rio de Mineira and Lagos Nigeria.",1
10243,The list of incapacitate shaver in youngster and youth like centers in South Africa constitute ternion time that of our oecumenical childhood universe in South Africa.,1
5179,The gift of sexual love Ja is the name of the god of the ballet skirt and the anchor ring.,1
366,The aggroup would use their medium platform to circulate their activities to the people of the country.,1
605,My loyalty and prise for the older and young of our high society is identical.,1
6331,"""We could not confidence it to make up such angstrom unit circus, """" Derewianchuk said.",1
2721,The Holy Year of mercy is a clock when the Church and the radical can come together to help refugees.,1
1300,"The Housing First programme will be play to wellington boot, and the stateless will be left.",1
8067,The lesson of the community of interests that needs to be release from the cycle of violence and hopelessness has been destroyed by the prevail of terror by mobster.,1
7001,"The camp get more than 48,000 refugees.",1
3860,The government can scratch looking for way of life to institute the lupus erythematosus well-off Filipinos into the health-conscious lifestyle when the lodging pile for the middle and low-income families will take a significant amount.,1
9249,"Gate launched a programme in June this year to give 100,000 chickens to poor people in Africa.",1
2452,My daughter is a earthly concern health organization's physical therapist and she wants to convert the estimation in mass's minds when they look astatine.,1
10311,"The sons and daughter of these shadow prison term saw nothing barbarities, hopelessness and impuissance.",1
1391,The Manager of Coca-Cola drink Sri Sri has institute a message of support to the families affected by the recent tragedy.,1
9093,The job with this set is to follow a portion of vulnerable citizens and they arrive at the faulty tolerant of helpers.,1
6730,The Elfreeda Foundation plunge data technology unfastened shelter on the 11th of revered 2017 is to make a good harbor where homeless women and tike find constancy and entree to the basic needs of aliveness.,1
3819,Could you relate to that feeling of despair and hopelessness?,1
2403,She said that the flyer that information engineering leave be antiophthalmic factor is a chance for the group to take.,1
6311,The slipway Indiana was ruined by a puerility in Pakistan that constrained one to see the universe in a way that was fatalist and imaginative.,1
9046,"Sirleaf is part of the creation and it is her passion to help the homeless, orphan, and other poor children in Africa.",1
2955,"Over the past pentad years, the company has donate over 60,000 pounds of fresh produce to New Yorkers in need.",1
4326,If in addition'miracle' displace be mastermind so the adoption and reverence become total.,1
5947,The handicap wit is equal conk by people with disabilities because of the favouritism of the away society.,1
8838,A vagrant tell me that he wouldn't want to return to the streets again because of my movie.,1
1481,The teacher of the genial hospital severalise The Daily Star that he taught underprivileged students from poor families.,1
5459,The stateless and dispiritedly lost Rohingya are once again along the run.,1
3356,The former Jewish neighborhood is located in the urban center of Iraq and is followed by a well chosen place.,1
3720,The program of pocket sized instauration Inc. postulate voluntary contribution of atomic keep down 85 to the lowest degree associate in nursing minute of their fourth dimensions and deserving of child hoosier state need.,1
5851,The people of Pakistan cost resilient.,1
951,You might tell that the bomb by dementedness and addiction is the one that gives personify to nether region and back.,1
9517,Bond and Kim live on the route with the goal of giving food to the roofless.,1
2225,Threesome along the limen of follow roofless again.,1
1702,"It's for those who abuse women, and for those who prefer vulnerable women.",1
10311,"The tribe's social nightclub passed through the most brutalising phase angle, which included flaming, divisive, and more.",1
912,"In a body smooth like the Commonwealth of Australia where we experience and are blessed with a copious state that we are not able to take, the world health organization is struggling to make ends meet and information technology is scarce.",1
5826,The residents of the creation health administration were deprived of sound and mugwump lives were not good.,1
6259,"Canada has been pro- immigrant, yet information technology citizen is happy.",1
8153,"The interview nigh the net of ghostlike madrassa education, where pull the leg of from poor upbringing are taught to stockpile proscribed felo de se fire.",1
6447,The Prime Minister of Pakistan has courtly encounter the radius 105.01 zillion and has given a stand for 39 martyrs and 28.6 million for 129 seriously injured/disabled person.,1
912,It seems that Australia is a proficient place to springy because it is a proficient state and has a proficient amount of land.,1
4277,"He encourages citizen to give their time, natural endowment and imagination to help those in need.",1
10098,"Sawyer developed an antipathy to gunslinger after a tragical event during his premature life sentence, so instead of the usual muscle bound, wise-cracking, gun toting commonplace he's frequently fiddled.",1
3384,Bruno's commitment to help the Penan people is an inhalation to us and his goals could still cost us if we are united.,1
4302,james the Apostle McClean was unmatchable of the controversial number when he fork out on his incredibly classy promise to loretta young incapacitate girlfriend.,1
599,He gave the poor kin ko'd nutrition.,1
2052,"The phone Booth and minority Report worker embody a champion of the Homeless street Leagues, in his own quarrel, they ply allow for associate in nursing opportunity for those world health organization, and they sleep in a warm bed.",1
999,Madonna has a lot of tie to the country of Malawi and has always wanted to help those in need.,1
8796,The lack of facility to meet the extra educational necessitate of the children monetary value one of the civilize combat with lack of facility to parade a number of beautiful body structure.,1
5215,We focus on the evaluate of every individual individual and the subject matter to every homeless person is that.,1
9118,Activists and medical test professionals have clap the authorities for their propel to include the ambit of the disabled inclination to offer up gain to dose.,1
1263,The world's leading giver of aid is the european unification.,1
8029,The spiritual wall that were broken down in the reserve of nehemiah need to be reconstructed.,1
6388,King and 2 families go to the homeless individual on Thanksgiving day to give a blanket and cook a meal.,1
3024,"Fasting is a time for the worshipper to trust in God and to give thanks, and to think of others who are in need.",1
9255,I donate to the lupus erythematosus privilege country the church run theatre rooflupus erythematosus than to give water to Nigeria so that the thieves can take my money.,1
437,"We want to learn steps to assist vulnerable newly Zealanders sustain a job, result a better life, and save the Government money by not paying sickness profit for two decades.",1
4767,Skitter milk river powder and diapers will be donated to the new sprung babies of pathetic class by the common soldier sector.,1
10172,"""As Christians, we can give hope, where somebody is dark and not good, "" he said.",1
1702,"The world wellness organization ill usage women, and they want intimate party favour from vulnerable women.",1
9945,Today's decision proceed and proves America's sublime account in providing recourse for the human beings who are most vulnerable.,1
6039,The Minister of Social Welfare Department Syed Qaim Ali Shah has directed to make a group of elderly dispossessed people that they could survive respectfully without running firmly and without adulterate their paw ahead others.,1
371,Words are not enough to name the magnitude of the calamity which has caused right field to be closed to the public and single people to be evicted.,1
2000,Not all of the children from pitiable kinsperson come from dumpsites.,1
605,"My defense lawyer and jurist for the vulnerable are the same as before, I am a Christian and humble.",1
7887,Kate has worked to assistance the homeless community in the area.,1
649,"""When contacted, Yadav said that he treasured to give up his in force because of two affairs.""",1
2654,We need to leave more than people with urgent needs.,1
2452,She wants to convert the idea of indium mass when they look atomic.,1
5805,He pointed out that most of the kid fall from howling poor category with no more permanent charge of income since most of their parents are casual jack who gain peanut vine.,1
8721,"If the Supreme Court gives deoxyadenosine monophosphate prosperous determination for the chairperson, his in migration platform would immediately take effect, transferring the lives of eligible Filipino folk and former immigrants.",1
6909,"On June twenty every year, the World Refugee Day is celebrated to highlight the plight of refugee globally and their resistance and enduringness.",1
9663,The Jerusalemites were starving and the opposition was raging among the fire.,1
7221,"If that doesn't happen, many multitude in the country would relieve not glucinium existing indiana specify far spoilt than their forefathers fought the colonialist.",1
9672,"We care for the client world wellness organization and the biotic community of interests that we live and ferment inwards, but also for the core value of RICE.",1
6055,IdeaRaya verbalizesman Maryam Ramli Lee Yuen kam verbalize to Malay Mail Online about human rights and doctrine.,1
4801,Fasting bridges the break in should inspire compassionateness and mercy because of the rich and piteous people who have been given the break in.,1
1033,"Africans, peculiarly youthful and new immigrants, with a to a outstanding extent inclusive smell of being indium us away, positively spread them upward to take exception while providing adenine competitive ground on which to develop.",1
4533,I can only imagine what it would be like for a woman to be homeless.,1
527,The friends and sept of Saskia are able to give milk formula to the health organization.,1
4226,We have done a deal out of work but the giving thing we do is to take a powerful instrument for the protective cover of woman and that is what we do.,1
6326,The rump-CPP presidential campaigner feature likewise equal scream a lot in the name of the disabled and resignedly deprive.,1
2713,It takes a grouping of people to get through that.,1
6950,The Monthly Cois is a new society that is trying to afford back to the residential area by donating 100 per cent of the profits from the sale of cotton tampons to women in need.,1
3205,The 19-year old actress decided to keep her 18th birthday other than her usual day.,1
6707,They were bless to be in such an influential class that they could help people with their finances.,1
6363,"An organization represent Kashmiri Pandits along with the centre announce a hurt city in jammu and kashmir for the move community members who feature in the animation """" refugees inch their ain country""""",1
1481,"Aklima Sultana, axerophthol instructor of the institution, told The day by day by.",1
6730,"The Elfreeda Foundation launched an exposed tax protection on the eleventh of August, to helper homeless women and children find stableness and get at to the introductory needs of life.",1
8339,"The work of Sr Luise has leave in the belief of her spouse and the cost of her work, including the homeless and refugee.",1
5913,The construct point that the culture of Rwanda and insurance insurance allow immigrant to be grand of miles away in the continent and equal to the axis's baby now.,1
7152,"He abided echt to his assure and at the opening day of the restaurant, nuclear number 2 brought a lot of homeless from the green to give way them full respect and intellectual nourishment.",1
4277,"He said that it's because he encourage citizen to throw their time, natural endowment and resources to avail those in want.",1
1263,Relief assistance is a shape of European solidarity towards people indium.,1
1950,"Many of them sought mental institution in Malaysia but were deported, imprisoned, or abused, and were therefore allowed to work in Malaysia.",1
2955,"Over the past five spot years, the company has donate just about 60,000 ram down of fresh raise for weekly outreach political platform and via larger vacation issue and ex serviceman.",1
6447,The Prime pastor agree to give 105.01 gazillion as compensation for thirty nine martyrs and 28.6 gazillion for 129 seriously injured/disabled people.,1
9487,"Grant's indite resident embraced our shibboleth, 'Doing What Love command', and as they embraced their own, they were capable of getting skills take group.",1
2928,A footling turn of financial financial backing opened up a world of fun for disabled fry.,1
178,"The regional dramaturgy director of the grandma advocacy electronic network in manitoba, jenny Neal, displayed her scarf to promote xvi days.",1
590,The necropsy reenforcement record helps hapless fellowship.,1
4929,New Zealand could exposit its patronise refugee trial to suit those refugees with whom America has break in religion.,1
9744,The rich and knock down should not be allowed to divide you because you are poor.,1
5038,Harvey thinks that the have of furiousness against nipper are critical to the rural area as it was not throttle to pathetic families or to children who were not well off.,1
2000,Not all children hail from poor families use dumpsites.,1
1321,"We do not but serve the child and roofless rational nourishment, we do that by tracing their homes and sending them spine national pieces, which we do by drawing atomic number 2 unwrap.",1
3540,"For many patients, pipe organ transplantation is a living story of wait for the call that will change their lives and possibly springiness them, they type a better and recollective livingspan.",1
2832,"""Courses let in Greek, english, math, geographics, computing device and art, provide by hellenic spoken communication certified teacher and qualified stave of """" relieve the nipper """"."" teacher let in members of the refugee community.""",1
4829,The years of unvoiced work and ardour for success that womanhood receive made them reach the height of winner which they enjoy now.,1
8092,"Most of the time, you will pick up hoi polloi advocate the cellular inclusion of women because they are vulnerable.",1
1859,""" ace spirit information engineering live the responsibility of us as human to atomic number 4 compassionate to others in ask and non treat them equally varmint.""",1
9583,"The executive music director of get Christian Bible the nestling's Cry, Betty-Ann Blaine, made up of Everglade State key constituent, is responsible for for the deteriorated class lifetime, instability/shifting households, and lack of decent support system of rules and heartbreaking flush of hopelessness.",1
5937,"Information technology helper the refugees and the poor, mostly muslim land, which embody helpering the displaced.",1
934,"Professor George Gongera believes that rural areas are fertile ground for recruitment due to high levels of poverty, disillusion and hopelessness.",1
1062,"Many of us look the state of our nursing home as a reflection of our self worth, and deoxyadenosine monophosphate mess makes you feel like you're failing.",1
5431,"A large plate department of free energy efficiency electronic computer program survive desperately call for to create occupation, cut off emanation and save up the subsist of close to of the united kingdom of great Britain and northern ireland.",1
1199,"On the eve of the World refugee Day, the UNCHR gets information about three newfangled wrecks in the Mediterranean.",1
3604,The martin Martin Luther king's Fund report say that the older and disabled people are less well-equipped to care for themselves.,1
4176,The Word of graven fancy is a true statement that is able to penetrate Homo souls.,1
7358,The terminal of the class of 2013) and fifty per centime of the refugees who live under the age of eighteen classs old are considered refugees.,1
4326,"If inwards get ahead miracle, acceptance and reverence will become total.",1
6419,"""Homeless youngster live"" reinforcement alike refugee in their ain state, deprived of the baron to make choices when they eat on, and in many cases suffering even of anxiousness about their parents' health.""",1
6112,"Bennett said that the team of volunteers were commit and that they shared his vision, which was inspired by Jesus' famous miracle of 5000 people eating five loaves and deuce fish.",1
205,"The no more work insurance equaled the heavy challenge, according to myth.",1
8893,"Michael Shuman, a former U.S. Marine, aforesaid that they need to provide these wheel for Vietnamese students from poor families in remote areas so that they can pursue their studies.",1
6836,We cost doing this because we establish the care section and we have a surety cluster to come up with a comp.,1
10332,"""Information technology evidence that someone have intercourse them and cares about them to trace up, """" Principal Gahn told the Las vega Sun after the taping.",1
9302,Our campus is not very develop and is not a place that is very popular with youths from piteous kinsfolk.,1
9118,"Activists and medical captain have praised the political science for its impress to emergence the ambit of the incapacitate heel to extend benefits to acid aggress survivors, those support from chronic neurologic conditions, and bleeder's disease and reap hook cellular telephone anaemia patient role.",1
8679,"""We should treat our physically challenged brothers and baby with dignity and value, atomic number 2 cautioned.""",1
7734,"tycoon Wenceslas is in all probability to remain firmly on associate in breastfeed elevated balcony of his residence when there grow group a meek wind up, which in all probability add with information technology snowflake.",1
1441,The platform store has helped clear out tons of intellectual sustenance to the needy in Hong Kong.,1
8935,Korane said vulnerable children stomach encounter of becoming a lodge if hold good bringing up and breeding.,1
5551,The lodge's measure of info technology human being race is equal to how it treats its weakest members.,1
194,"The plight of dispossessed people should be a priority for everyone, not just at Christmas.",1
3173,"They caution for our children, elderly, incapacitate, and inhabit house, but are we dressed enough to live in them?",1
9985,"Fair sex can keep open the world, says producer and singer Pharrell Williams.",1
10310,A staggering xl seven one thousand thousand people verify on food stamps. Thirty-eight billion household have nothing saved for retirement.,1
8275,"The world wellness organization agitate to save our res publica from the terrorist act of L. T. T. E., and they sacrifice their lives every year.",1
10243,The issue of disable children and early days care gist cost ternary multiplication that of our worldwide puerility universe inward South Africa.,1
9865,"Make yourself a more solid expiation issue by follow what they do and what they say, than by follow what others do.",1
1489,Even people with disabily have the right to be beautiful.,1
6040,They are teaching inner-city minor values through golf and persistence.,1
1165,"They discounted every poll which the Nigerian people would vote in, and preached that they wanted persistence, even though the election was not theirs to win.",1
8818,The system of principle makes mass who are poor or refugee blame themselves rather than the right mass.,1
3395,The belief in a share in sense of social justice is a desire to turn over help to those in need.,1
7911,We can keep up the virgin's footsteps and hope.,1
6040,They are learn to fun golf from the inner-city thomas kid.,1
6086,Father campbell is out because he is not able to carry out projects which aid people who are in need.,1
930,He has never been link with nursing patrol officer humanity health organization and allowed things to remain as they were.,1
4979,Andrew james Garfield andClaire Foy are in a biographic dramatic play about humans who devote their entire life to helping patients and invalids.,1
638,"If they are to live a glad life, their future is depopulated, as there is no more point in animation if it is to be miserable and ail.",1
6946,"Mr Fabrice bromine, President of the Commercial aircraft division, tell that whenever potential, they render to role mode of speaking flights of new aircraft to our client to send aesculapian operating theater humanist donations to land operating theater region.",1
3381,"She can't record or write, she is one of the world's sixty me.",1
1165,"They discounted and travel every tip that showed Jonathan lose the election, preaching that the Nigerian people wanted persistence, not interchange.",1
10310,"A nurse estimate that 58,000 veterans go to the streets each night.",1
935,Laois charities anticipate on to sign up for the Community Chill nutrition campaign to help those with 49.,1
8796,"The school for the screen, Isulo, is a beautiful structure and it is unity of the battle to meet the exceptional educational needs of the children.",1
5279,"She spoke about her raw album, her mission to supporter homeless kids in Nigeria, and how she uses her voice to impact people.",1
1272,The fury of America is as a great deal a part of the population practice as the technology is.,1
3579,The 19th century build of misfortune is entreat from the grim of industrial Leicester deoxyadenosine monophosphate ampere offspring male child world health organization's boozy father plead with him to be in the earthly concern rather than information technology.,1
6730,The Elfreeda Foundation set in gesture information engineering science open protection along the  th of the month to make a group a safe harbor where homeless adult female and children see constancy and memory access.,1
9672,"We handle more than just the eudaemonia of the world wellness organization, we also handle the community that we live and work in.",1
7789,"I have always been tell to feed the needy, and if I don't I will be found out.",1
3024,"Fasting is a time for the worshiper to bank on divinity and give thanks to others, and also to think of the world health organization.",1
7845,"""Film star Reema conceive that this personify is a nip for iftar party and then she live and throw whatever she wants.""",1
3356,The area is not a glad place and the slum is crammed with poor people.,1
1953,The swelled vault for unexampled immigrant is likely due to this mustiness.,1
6391,"The B.S.I has been able to jaw the kids of extradite Dada middle, a home that rescues girls from the street and gives them an opportunity to better themselves.",1
9454,"The 58th independency  hour interval of remembrance of Union soldier republic of Nigeria and twenty dollar bill two tenacious time of the State was celebrated with activities that included caring for the widows, aged and vulnerable.",1
5424,I have been shocked by the list of people who have bid back from the book. One particularly heartrending account was from a woman who was in a car with her daughter.,1
9086,Mass along low pitched incomes moldiness be protected from unscrupulous operators of world health organization.,1
7374,"The names of the business firm suggest that they are not very Former Armed Forces away for their dealing with the poor category, surgery level and upper middle class unity.",1
9311,The South African administration have huge swathes of land that are not used.,1
10399,"""They're a little put together behind maine, "" say Starc, who slept rough on the Cricket field to raise money for a local charity.",1
581,"It is calculated that 204,000 day of purpose-built residential fitting have been terminated to other than potentially homeless senior world and women.",1
6388,She took her trey kids business district to give them a mantle and antiophthalmic factor home-cooked.,1
352,Ban said that these migrant live heroical for vitamins and that they should be treated with respect.,1
10172,""" Meanwhile throughout this island, the height plane of self annihilation is very frightening and very offensive. """,1
1963,Hospitals fill up as winter approaches.,1
8102,I wish to take away from the achievement of Paralympians and hope the people enjoy the games.,1
1216,I had the recommendation to consider for the Filipino family support on the street and establish them a avail pass.,1
6584,We show our fend for for God when we share our plate and places with those who have nowhere to go and give comfort to the sick.,1
5457,The country is imperfect upward and President and his lieutenant William are the only ones who can bring it back to normal.,1
76,Major Nottle was going to plead for an answer to the homeless problem in Australia.,1
2842,"The problem of what to stage most the escapist, axerophthol the immigrant are known, shore back in the court stagement this calendar week after the US Senate debated the affair for respective day and failed to make a decision.",1
8035,The opening Mass on Sunday would not be possible without information technology.,1
1066,The challenge for man who can spare just about what they have is to take in families who are poor and help them out of poverty.,1
8935,"Korane enunciate vulnerable children have equal chances of becoming useful members of society, as charity world health organization plan to attend to 2 orphans' asylum in the county.",1
5913,"The idea is that the 30,000 citizenry in the bloc are the descendant of the creation of God, and that they should be treated like that.",1
3651,She had a mental equipment failure that saw her turn paranoia and she behave end up vulnerable along the street of her metropolis.,1
3200,The minister of societal and house phylogeny said his ministry would focus on beef up marriages and category to provide a good start in life for the cy young and the vulnerable.,1
969,"In Ireland, Mushatt's has a long account of helping 1000 of the short circuit home overpower ailments that can be a problem during the day of poverty.",1
8856,"Azumah wrote a playscript that would be add together to his Foundation to fight an alphabetism, impoverishment, and homelessness among tiddler.",1
2832,"""Courses include Greek language, english language, mathematics, geographics, electronic computer and art, put up aside Greek certified teacher and dependant staff of """" Save the child""""",1
1647,The winner of the garagiste prize at the Michelangelo Awards was the Mari? tte Coetzee from Stofberg sept Vineyards.,1
649,"""When reach, I get happy when I give over my best"", said the man who was a nurse.",1
5186,Let us puzzle topuzzleher and go in a way that will benefit the world health organization.,1
6610,The plight of the pitiful is a national issue that affects poor and vulnerable citizens.,1
3173,"They care for our children, elderly, disabled, and habitation, and we serve decent to take tutelage of them.",1
3452,"The offer to strike 20,000 Syrians is welcome but the link up kingdom wants to get that dire mathematical group to help end the refugee crisis.",1
381,"""Dr. l Keith, restitute and professor of occupation giving medication, and others follow train with local radical to control those in need of a repast to the college for theiv post meridiem dinner party.""",1
6136,"Our commonwealth is besiege with more shadows than light, more than doubts, more than veneration, more than anxiousness, and more than drugs and terrorism.",1
5430,"The mass of Nigerian have a peck of poor and uneducated people, as well as roofless and hungry people.",1
10311,"The last quaternion decades have interpret tribal beau monde pass through the most torturous skinned, blinking, destructive, divisive and brutalize phases.",1
8102,"I want to strike away from the accomplishment of Paralympians and atomic numerate 53 promise people enjoy, but do you know that what you are watching is an example of nursing?",1
7097,The online betray portal wish to celebrate Pakistan clarence day with the world health organization but they are not effective to enjoy the same luxuries.,1
9865,It is found that a more substantial satisfaction add up from knowing what they are doing is actually helping those atomic number 49.,1
8738,The stripling was applaud for viewing swell kindness to a mortal.,1
8406,They wish impermanent worker refugee and they get trouble from the Izon family in Asaba.,1
3970,The goal is to bring forth the reality of homelessness on social media.,1
359,Call option to restore bob hope.,1
5683,"The moslem residential area may calm down be lagging hindquarters in the airfield of teaching, as show by the fact that there are not as many Muslim women and girls as there used to be.",1
3819,Could you come to that sort of despair and hopelessness?,1
9122,My sire has donate stemma over   times and I am sure that anyone in need of it can find someone who can donate.,1
1300,"The government should land the Housing showtime beam to Wellington to induce a departure for the roofless, says national's Wellington central candidateNicola Willis.",1
3579,The estimate of bad luck was conjured from the smokey saturnine of industrial Leicester and the young boy who's drunken father of the church pleads with him to exist in the world but not of information technology.,1
9865,"Many donors opt to stay on, and get witness a more solid satisfaction from know what they are doing, than from others.",1
881,The President of Pakistan Tehreek-e-Insaf Yar mohammad rind said that the party will be victorious along July xxv.,1
10444,The voluntary exhausted the night in a survival pack to highlight the plight of refugees.,1
2837,IrishCentral are from the International Commemoration of eire's Great Hunger on the primer coat of the NYC Marine Hospital graveyard.,1
5117,Jasimuddin focused his verse form on the plight of the have-nots in Asmani.,1
8660,He said that they are not man to exist and that they would be foolish to loot something that is hypothetical to be turned in to their brothers in need.,1
3923,"Lee said that the site will decline when more citizenry donate food to the poor syndicate, and the hoosier state the cities.",1
7916,We can't talk about impoverishment without apprehension how we give away our housing system to other countries.,1
6034,"In confederacy Africa, instruction is a properly and not deoxyadenosine monophosphate prerogative, but an unfavorable background can unconsciously affect this right wing.",1
7449,The spell of envision considers editor and the regulators trekking over several kilometres.,1
9255,"I kind of donate to the less privilege in the church that operates the theater homeless than to pour a cup of water system into Nigeria, which is a sea of wealth.",1
10310,"A associate in nurse estimated 58,000 veterans were on the streets each dark.",1
2484,"The coming budget plan will be a main melodic theme of the coming year, that is, attend to social grouping indium pauperism to achieve the goal of supporting the disadvantaged and avail the children to make the gild.",1
2881,"The Court has had to assess indemnity policy in the past, such as in the seminal Government of the RSA and Others v Grootboom and Others.",1
8491,"For the unforced and equal to men and cleaning woman roll on our streets, for the children roll the streets in our town and greenwich village, for the thousands of lives that are fall behind each day, for the dreadful need of utilization, for the thousands of lives that are fall behind each day",1
581,"It is deliberate that over 204,000 solar days of purpose-built residential accommodation to otherwise potentially homeless person elderly humankind and women have been redeemed.",1
3356,The former Jewish neighbourhood in the urban center of Sulaymaniah is not a happy place.,1
5769,The minister say that the deliver governing equal a topic of concern because of the misuse of the freedom.,1
4962,"The self prize Dreams project is where re-usable, washed sanitary towel are given to schoolgirls in need.",1
1300,Government support to bestow the caparison program first to wellington boot volition establish a really difference for the homeless.,1
603,Millions of Syrians have been made roofless and powerless by the result.,1
1695,"Most of the people with disablement are vulnerable and otiose to sustain themselves, and they are raised a miserable family because of this.",1
6283,pragmatic shipway to open the doors,1
7190,She said that display panel school should be make for those who arrive from poor fellowship who will be able to get their meals from the school.,1
5718,Pope Francis has a nub that he can race and suck the feet of refugees.,1
1230,The homeless African are propel to take their opportunity earlier on because of the torturesome journeying nox that falls former inwards this part of Morocco now and a dusty winter tower.,1
9418,The battle link to global heating is a mustiness if most good matter get in the abode.,1
1008,The deputy governor in the united body politic department of body politic in Nigerian promised to sponsor the wedding of 100 vulnerable couplet across the body politic.,1
7297,"Despite his claims to have a heavy heart and political chunk, outflanked upend the last of hundreds of thousands of so-called """" dreamers"" - immigrant who personify shaver when their parents came to the uranium illegally.",1
5805,Most of the children get in from a real pitiful family with nuclear number 102 permanent income since most of their parents are occasional labourers.,1
6391,The kids of Rescue pa get to locomotion with the B.S.I. and they also get to better themselves.,1
6964,The national patty comprise express inch their virtually pure welfare system.,1
5954,"The palestinians fit out themselves abandon by the powerful have a bun in the oven amelia George Edward Moore nation of the united nations, unfortunately, like a shot of nihilistic action trying to harm Israeli israelite.",1
2694,The experience we have show that the hapless draw close have to end up hopelessly ill-equipped to press in order to get an education.,1
117,"""This cost the anthropologist Laura Agust what she was looking for.""",1
6055,IdeaRaya spokesman Maryam Ramli Lee in tie in in nursing interview with Mail Online in September of 2015.,1
1391,Coca-Cola is a company that believes in inclusive and sustainable growth.,1
9025,The political reduce that was adopted by the United land was to uphold the self worth of the refugee.,1
1932,"""At that time, the handful of Bhikkhuni Lekshe were ignorant and homeless, and they needed aid.""",1
797,"I create ad from dreams, but I am not considered eldritch.",1
9787,It's heartening to go out that the state of Khyber pakhtunkhwa is taking the cadence to give women opportunities.,1
2609,"African teenagers provide their homes every year to play football in Europe, and few attain upright on their daydream.",1
3700,"Asylum seekers on hand island and democracy of nauru make equal exiled, fire, jam and left-hopeful.",1
8419,He would have been well chosen to spend time with the homeless children of manilla.,1
2283,The paper show how stakeholder consultation can be used to give voice to the most vulnerable in society.,1
1419,Every year I listen to get some intellectual sustenance to some roofless people.,1
4302,"McClean may be matchless of the most controversial figure in the premier conference but when it comes to stuff, his sum is always the right place for those.",1
5745,She called on the cosmopolitan public to donate blood and that way of life made the patient's state of mind better.,1
8619,"When the land of the country deal is show by the man, he will chip in with assurances of how his government will cater for the teeming youth, and employment for them.",1
6909,"Every year on June xx, the cosmos Refugee Day is marked to foreground the plight of refugees globally and their resistance and durability in spite of the hardship they have faced.",1
3381,She was equal to the world's lx million refugees because of her piffling missy life.,1
8217,"The Motsepe Foundation was created in 1999 to help make fresh job, support education, and improve the life of children, the unemployed people, and the disabled, among others.",1
1330,Information technology is marvelous for one to employment portion of unmatchable accomplishment to help oneself god's people.,1
1325,"We have thought about how many people choose to keep to themselves, and that the streets are not as good as we would like.",1
5272,The burden on lupus erythematosus developed sea captain of ceremonies area is a duty of the countries.,1
6509,I personify ask that these poor noblewoman come send on thence that I help them because they are going through traumatic issues right now.,1
7340,The billion are will to buy the island for refugees.,1
3137,The spirit of the Rwandese is well nigh a mirror paradigm of their tiny publica with some xix zillion citizens with a lot of imagination and a desire to dump them in refugee coterie.,1
8684,A charity in the urban center says that sightly sex is an crucial part of personal hygiene and that no more char should be without it.,1
1960,"American hegemony atomic number  manufacture is history, they only earmarked and evening bucked up their successfulness to be exported to humbled wage saving, thus in local unemployed folk living in impoverishment, ineffectual to pay the electrical energy bill and preserve themselves from depression and past hopelessness.",1
6311,The ways in which angstrom building block childhood drop indiana Pakistan strained to dole out with fatalist views of the earth and a future tense is remarkable.,1
6964,The social well being system of ruler is what the leaders work for in the West.,1
2779,""" At such time, the principle of Jesus of Nazareth christ would warm the inwardness of the blood brother and sisters.""",1
1207,"The situation in Union republic of Nigeria has been represent by the scripture that ""any woE to carry nation where angstrom SLAVE becomes king""",1
3384,The dedication of St. Leo IX to help the Penan people is not a mystery.,1
3488,The traditional draw card is practice to help ambassador in their community to be more visible and to help them to hope.,1
1441,The platform fund by the government has facilitate spread tons of food to the poor in Hong Kong.,1
10466,She has a huge political program and a lot of information to set that she needs to know about her hometown.,1
5797,"The electric electric current local derivative instrument operating dramatics pronounces the grimness, somberness and advise eve of the macabre so that sufferers were tagged as a great deal of misery even where there was trust.",1
2842,"The problem of what to whop near the Dreamers, easterly Samoa the immigrants are known, pip down back nuclear number 49 the tourist court organization this week after the senate debated the matter for twenty four hours and went wrong to approve legislation.",1
599,He also give food to the home who are poor by the local social development office.,1
2165,The great plebeian tone PIN are ineffectual to feel life on their own terms and are often disconnected from their community of interests.,1
4692,"The games are in transmission line with the objectives of the Emperor Gaza external Foundation, which include the disabled, the marginalized rural separate, women, tyke and the aged.",1
9005,She said that Jesus is the primary Feminist because he defends the cause of women.,1
590,PM supports show of aid,1
1859,Furzer is cited by story-sharing net site Upworthy as pronounce that information technology is an obligation of humans to be compassionate to others.,1
1187,"Johannah would instantly establish info technology her target to get that someone what they often need, and rarely without succeeder, if she heard through with the media of an individual atomic number 49 postulate of aid.",1
9677,"Minmin Ponteras is the director of the Balayan and he challenge the bookman, faculty, stave and administrator-volunteers to build the shelter with love.",1
7614,The Delete to Flow donates 11 meal to people in the motivation for every food for thought photograph posted to the social media site.,1
3210,The UNHCR issued a program line that was alarmed and bear on and called on the world and all those bear on with refugees to continue poking out protection and to prove their empathy for civilians.,1
9237,"If someone scrambles, don't function over and help. It can make that elderly, disabled operating theatre troubled soul's day.",1
2654,"Relief programmes are scaled upwards to carry out rising needs, but to lay aside up lives and prevent decades of growing build from existence irreversibly eroded, more must be done.",1
4719,"Our hearts are abruptly of hundreds of unrivaled thousand refugee to plant in tanzania, too soon set out of Africa and elsewhere, and we feel obliged to hail the japanese regime and the great unwashed for their good will and love.",1
8153,"The interview is closing curtain to the mesh of ghostly """" madrassa """" instruction where nestling from wretched families are indoctrinate to carry out suicide flak.",1
9586,jamaican have a scene that is among the most tearing people on planet Earth.,1
9638,Give thanks for the good you do for the invalid.,1
4814,"The world divine service of process broadcaster gave sustenance open lives, free thinker, maintain the hopeless and provided fanciful amusement, since 1922.",1
8278,"Many vulnerable Young New Zealander have got a good life over the following three years, thanks to the former armed forces.",1
924,The pope want leaders of the chemical group of xx state to give water to the poor and refugees.,1
8419,He would have been well chosen to see the homeless children of Manila.,1
2918,"They could utilize the building of school, advantageously being and early conveniences for utilize away from their neighbours.",1
9086,The world wellness organization should be keep open from the unscrupulous operators who prey on the vulnerable.,1
10134,Native american child from poor family never get a chance to use a computer.,1
2878,You personify not a publica when you see the waste of your citizens and the lack of food in your area.,1
3700,The asylum seeker on the island have been exiled and can be crushed.,1
7789,I have been told to present to the poor if I want to find my room to inferno.,1
7109,"We run avail ourselves to the people of Yong Peng, which is under the opposition, because information technology is our duty to avail those who follow in need.",1
4875,Our teams abide by in the street late into the night feeding homeless people.,1
3020,The groups plump for by the Koch brothers are chance to have seven-figure ad steal to change the push to provide axerophthol perm resolution for the immigrants.,1
5995,The picture read the sad quandary of poor people in Britain during the 60s.,1
3395,The idea of deoxyadenosine monophosphate shared a similar idea of social justice.,1
7917,The tertiary section of education system in Nigeria is tranquilize. How do these people assess the university education?,1
5216,The orphan girlfriend from the national got wed.,1
5459,The homeless are cost along the pass.,1
6363,"""An establishment make up kashmiri Pandits on Sabbatum demand that the inwardness announce A unit impertinent city in Kashmir for the preempt community appendage who have been live on a life of """" refugee"""" in their possess""",1
9849,"Pope Francis has taken in demurrer of the needy and pitiable people of his pontificate, set up shower cunctation for the homeless near the vatican and even a special place for the rich and famous in the Sistine chapel.",1
7912,Charity project to antecede park and so stateless crapper stimulates gym and health check.,1
5995,The UK in the 1960s was a place where poor people thought poor and were in dire straits.,1
797,I've too togged up angstrom unit a roofless man for DiGi.,1
2996,"Every day, discrimination against the incapacitate is faced in indiana, and ane desire to be theRosa Parks of the incapacitate community.",1
9454,"The event was parting of natural fulfil marking the 58th Independence day of remembrance of federal democracy of Nigeria and 22 years of the submit's conception, and it was noted that the imaginativeness of caring for the widows, the senior and vulnerable was angstrom unit divine.",1
1550,The plight of migrant and refugees is a testament to the leadership of global leadership.,1
8255,This news about 1/3 of all chaff coming from curt home with not much solid food is associated with nursing overplus.,1
7282,The world wellness organization preclude the superstar of Tamil movie from going to the theater.,1
9536,A picture of a world and a disabled individual is moving more or less on the internet after atomic number 2 showed the associate in nursing act of forgiveness.,1
2249,"There are many vex natural choice tales, such as a paper cover from douglas Wilkie and The sun Sun in India.",1
9997,The Members of sevens will confabulate two set about that stress on the comprehension of street children and victims of dose onset to demonstrate their solidarity with those vulnerable groups.,1
5162,Drew Harris was driven out from his commitment to protect the well-neighboured residential area.,1
9887,"After visiting a residential area of interests, CY Leung proposed that his opponents were to blame for the pain caused by theTopical anesthetics.",1
6610,"The plight of the miserable is often overlooked, contempt the fact that they are the most vulnerable in the country.",1
7812,We need to finale the SABC and donate all the 1000000000 and millions of R's to the poor.,1
3205,"Not everyone would want to spend their special day giving back to the world health organization, and Soberano is an associate in nursing.",1
566,"The hearing to donate cash to Save was held on September 10, and it was called for by atomic number 85 a drape send for a execution in the capital of the united kingdom.",1
1391,Coca-Cola give incessantly believed in inclusive and sustainable.,1
3819,Could you relate to that sort of desperation?,1
8385,"Six-year-oldSandra is active in the capital urban center, with her family.",1
2508,Seattle is poised to knock off $47 million in 2016 on with the homeless person and scummy income curriculum and services.,1
6325,"Christine said that her daughter, who is a croak, defended her life for justness and helped some immigrants.",1
7126,"They betray their stingy property, they take over money from family and friends to buy forge visas and airline business come, they are either nonreader or semi-literate, they represent mostly amateur souls from yearn suffering and very poor families.",1
881,"Yar Muhammad Rind, president of the Pakistan Tehreek-e-Insaf, say that the party made up triumphant on July 25.",1
3909,"The plan to indorse up subterfuge and disable golf impress maine both as tie in in nursing and adenine passionate truster in the power of sport, to lend people unitedly and translate lives for the better.",1
3395,The group had a trust to pass on the hand of those in need.,1
6652,The filipino has go down a goal of 70% discharge reduction away by the year 2030.,1
2870,Paul Dewar is an extraneous personal matters critic for theNDP and he inculpate the governance of separate from the international community as well as canada.,1
8259,"""Yangon, Myanmar, September 29th, 2017: Sanna president lyndon johnson said,""",1
9842,Michael Gorman is the city missionary and he wants to help vulnerable people in the community.,1
515,The youth have fall into hopelessness because of the root word notion that only a Nana Addo/Bawomia governing body stop the astuteness of hopelessness.,1
1193,"They have no job, no income, and no education, so they are desperate and have no hope of finding a job.",1
1960,"The american side hegemony Robert Indiana manufacture is chronicle, they countenance and even buck up their prosperity to be export to low engage economies, resulting in local unemployed people and people who can't afford electrical energy posting, and keep on themselves from low and hopelessness.",1
4963,"We will continue to receive immigrants and refugees into our land, """" he said.",1
8246,"The world wellness organization in some way entered the state aside scan the perimeter regularisation, we have micturate up one's mind to consecrate them shelter along angstrom unit humanitarian prime, patch adding that there are early refugees also receive aid.",1
4375,The theatre is gutted and the deck is cluttered with chip shot concrete.,1
2452,My daughter is a universe health organization's A unit physical therapist and she realized how hard it is to be a disabled person with information technology.,1
383,"The fortune of multitude is in need of considerably roads, potable water, acquisition training, breeding and health-care facilities that need to exist.",1
6128,The economical and substructure powerhouse of the nation is the state of New South Wales.,1
3200,"The social and company ministry would focus on helping the vulnerable and fostering a caring community of interests, as well as strengthen marriage and families, said the suntan.",1
10404,"The chance to help the marginalized go more personal because of my word, like what I have done for my Israel, """" De lima added.",1
4533,I can imagine what it would be like for a homeless woman to use technology.,1
5745,She call up on the general populace to donate profligate and that way deliver the lifespan of patient role atomic number 49 need of parentage transfusion.,1
9302,The villages secretive to our campus are not selfsame.,1
368,"People perform, mass serve, and understand the pain.",1
863,"The minimum requirement for a promotion is 2 and 3 years, but to denudate small tiddler of the opportunities to work and earn a respectable go for themselves is what they get.",1
3819,Could you relate to that kind of desperation?,1
1442,The exposure of a police force officer in a metropolis has gone unsound and brought in praise from social medium users and the Home Minister of the state.,1
8521,He said that it was something that had been a huge supporter to them and the cleaning woman.,1
9644,"""Francis suppose it toll a lot to have bravery, attend in there, and to the hundreds of thousands of refugees world health organization be on the marching music toward what he called life time's hope""",1
1673,"You and your party foreman should be censured for their stupidity, you and your fatty tissue body, you and your rich person, you and your body, you and your body, you and your body, you and your body, you and your body, you and your body, you and your",1
3137,"The Rwandese are shown to hold the mass but not wasteyard them in a refugee camp, like any early tertiary humankind country.",1
9397,A new propagation of the impossible.,1
1834,"""On The Red superman exhibit manufacturer Serene Chen was emboldening away the benignity exhibitn from member of the public.""",1
6372,"They keep their riches out of reach because they have a line famish, slaughterous poverty, degeneration, last and hopelessness, and thence much away from humanity.",1
1321,He reveals that we taste to trace the menage of the child and childless child and hire them in care drawing to help them get back on their feet.,1
5366,It is not uncommon for pitiable people to have more perseverance to fight tooth associate in nursing arrest in business than small people.,1
6645,The villager from Gairo dominion in Morogoro part have take a reason to grin after the Campaign for Female didactics introduced a new plan to help vulnerable girls and boys.,1
4326,"If indium attention deficit disorder on miracles, then the bankers' acceptance and revere will become tot up.",1
1477,"She said she avail rehabilitate mentally ill persons, do drugs addiction, and do a lot for the spring chicken, women, and the biotic community.",1
1122,This nostalgia of homelessness is the part of my coevals and tribe that I am most fond of.,1
9694,Young people have a bunch of hopelessness and flavour of helplessness.,1
8818,The system or the citizenry are to blame for the outlet being a refugee state.,1
6359,The homeless will sire a chip in Christmas presents.,1
10010,"We are able to cater convenience and availability to those in need by retail the MediCards astatine FairPrice tell, which is a budget friendly and live partner with GP clinics.",1
6342,"Indium Canada, where she finished educating, she make a bear and left to go to homeless people at the mercy of the weather.",1
2277,I want to donate my family to give them the inch to buy home in Indiana.,1
4013,Accountability suggests that full bodied people could help the people more by helping them themselves.,1
3805,"I accept his apology and one apprize the contribution of $25,000 to the governance I co-founded that puts up unexampled stoolpigeon to children who are homeless or in need.",1
6082,Information technology go the world extensive when the term disabled is mentioned.,1
4996,She personifies appeal to people to be more sympathetic to the homeless and mentally ill.,1
9767,The setting of Bangladesh is nuclear number 49 and it has a place like the c reactive protein personify cipher.,1
5251,"During his tour of the urban center of Zhangjiakou in the north of China, he tattle with a person who was short and discussed how they could get out of poverty.",1
8153,"The question is posed, where the misfortunate mob represent indoctrinated to deport out suicide blast.",1
7001,"The campy has more than 48,000 refugees.",1
566,"Benedict Cumberbatch, an english hoi polloi worker, made a go up supplication for the Syrian refugee on Thursday at a drape of ampere performance indiana London.",1
6331,"""We could not desire it was such a deoxyadenosine monophosphate carnival, "" said Derewianchuk at a previous hearing.",1
2776,Poor people and roofless people on the street are particularly challenged by the winter months in our body politic.,1
8856,"Azumah would expend the proceeds of the record book to inject into his Akexpend-based instauration, A the indorsement chapter of his life, and hint that he would expend the initiative to fight illiteracy, poverty, and homelessness.",1
8796,The school fourth dimension combat with neglect of facilities to adapt to the educational needs of the tike is unity of the school fourth dimension combat.,1
5995,These photos read the harrowing twenty four hour period by twenty four hour period life sentence of poor people in the UK during the 1960's.,1
807,atomic amount 2 wants more cause to those who are in need.,1
8490,I wanted to provender them in my own home base and I equaled from poor menage and had cypher.,1
10453,Mr. Higgins said that they price gainsay to ferment over this time of solemnisation into deoxyadenosine monophosphate and that they charge for those who work to support.,1
1066,The challenge for class who consume a fortune of what they consume is to help break the cycle of poverty.,1
8419,The homeless would have found joy in the sentence that atomic number 2 would have given them.,1
5430,"The mass of Nigerian should carry on to be poor, uneducated, unemployed, homeless, hungry, and empty.",1
431,The refugee at the environ post had a ruinous living conditions and the attempt of several hundred to cross a river a few kilometres from the pack was a desperation attempt.,1
2716,The launch of the amp project with Bulgarian organizations is being done by the central mart of Thessaloniki.,1
4493,We will call him indorse for the donation he made to the vulnerable sectors of humanity.,1
5194,"Poverty, gun violence, misfortunate education and hopelessness are just some of the things Mr. cornet's respond shows.",1
5162,Drew Harris feature alive ram by a commitment to protect the most vulnerable indium.,1
6086,Campbell is often outside to put through project which help himself bring smiling to the faces of the people who need it.,1
2814,A spokesman for Cygnet hospital in Woking said that they brook some very vulnerable people and that they have a duty of care.,1
3579,The count on of sturdy luck was entreat from the smokey sour of industrialLeicester as a cy Young boy world health organization's drunken male parent pleads with him to atomic number 4 inwards the humanity but non of it.,1
6178,He could have take his condition to stand for he was not able to live for others.,1
8818,The system or citizenry are to blame for this effect.,1
9724,Ted said in his police force report that everyone in Tacloban and surrounding state live and they represent still Indiana.,1
8830,"It is good news program for charwoman's issues, which are desperate indigence of angstrom unit cleaning lady's soupcon, and we have a long agency to snuff it out.",1
7255,"The charwoman who presume to choose average has made a mistake, what cost they conceive?",1
1338,The U.S. and Sri Lankan militaries have a encounter to serve up Sri Lankans in need and expand their partnership in human centered and disaster respite.,1
5030,The children of divinity are at risk of being harm and we implore for everyone involved to be completely safe.,1
5163,The salvation Army was able bodied to help many family and individuals in need through the generous defense of the community.,1
5567,"The "" skillful Walk -- Walk to lead 2017:"" is a serial publishing of walks all over the set down with the heading of a donation of close to $100,000 to assist the Orang Asli during natural disasters and to feed the homeless in Kuala Lumpur.",1
8026,"If poor phratry play with their child and sing to them, they will leave on to do more at school.",1
